,superkingdom,phylum,class,order,family,genus,species,assignment,correspondingTaxa,name,FoodGroup,BigGroup,Tissue,IsFood,CommonName
GTGGATGTTAAGCACCGCCAAGTCCTTTGGGTTTTAAACTAATGTTCGTAATTCCCGGGCGGATTTTTGATGTAATAGGTAATCAATGTTTAAGGCTAA,Eukaryota,Chordata,Actinopteri,Carangiformes,Carangidae,Decapterus,Decapterus maruadsi,Decapterus maruadsi,Decapterus maruadsi,Decapterus maruadsi,A_Fish,A_Meat,Muscle,Y,Japanese scad
GTGGGTTTGGGGCACCGCCAAGTCCTTAGAGTTTTAAGCGTTTGTGCTCGTAGTTCTCAGGCGGATACATAAGTATGTGGGTATCTAGATTTAGGGCTAG,Eukaryota,Chordata,Aves,Galliformes,Phasianidae,Coturnix,NA,Coturnix,Coturnix,Coturnix,A_Poultry,A_Meat,Muscle,Y,Quail
GTGGGTCTGAGGCACCGCCAAGTCCTTTGGGTTTTAAGCTGGCGCTTGTAGTTCCCTGGCGGATATCAGTTGTATTTTTCTATCAAAGTTTACGGCTAG,Eukaryota,Chordata,Actinopteri,Salmoniformes,Salmonidae,Salvelinus,NA,Salvelinus,Salvelinus,Salvelinus,A_Fish,A_Meat,Muscle,Y,Charr
GTGGATCTAAAGCACCGCCAAGTCCTTTGGGTTTCAAGCTAATGCTCGTAGTTCCCAGGCGGACAACAGGTGTATGTTGTTGTCAATGTTTAAGGCTAA,Eukaryota,Chordata,Actinopteri,Perciformes,Sciaenidae,Sciaenops,Sciaenops ocellatus,Sciaenops ocellatus,Sciaenops ocellatus,Sciaenops ocellatus,A_Fish,A_Meat,Muscle,Y,Red drum
GGGGGTCTGAGGCACCGCCAAGTCCTTTGGGTTTTAAGCTGGTGCTCGTAGTTCCCTGGCGGATGCTAGTTGTACATTAGCATTAAAGTTTACGGCTAG,Eukaryota,Chordata,Actinopteri,Clupeiformes,Engraulidae,Engraulis,Engraulis mordax,Engraulis mordax,Engraulis mordax,Engraulis mordax,A_Fish,A_Meat,Muscle,Y,Californian anchovy
GTGGATGTTAAGCACCGCCAAGTCCTTTGGGTTTTAAACTAATGTTCGTAATACCCGGGCGGATGTTTGATGTAATAAATAATCAATGTTTAAGGCTAA,Eukaryota,Chordata,Actinopteri,Carangiformes,Carangidae,Trachurus,Trachurus trachurus,Trachurus trachurus,Trachurus trachurus,Trachurus trachurus,A_Fish,A_Meat,Muscle,Y,Atlantic horse mackerel
GTGGATATTAAGCACCGCCAAGTCCTTTGGGTTTTAAACTAATGTTCGTAGTTCCCAGGCGGATGTTTATGTAATAAACAGTCAATGTTTAGGGCTAA,Eukaryota,Chordata,Actinopteri,Carangiformes,Coryphaenidae,Coryphaena,Coryphaena hippurus,Coryphaena hippurus,Coryphaena hippurus,Coryphaena hippurus,A_Fish,A_Meat,Muscle,Y,Mahi-mahi
GTGGATCTAAAGCACCGCCAAGTCCTTTGGGTTTTAAGCTGATGCTCGTAGTTTCCTGGCGGACAACAGATGTATGGAATTGTCAATGTTTAGGGCTAG,Eukaryota,Chordata,Actinopteri,Centrarchiformes,Centrarchidae,Lepomis,Lepomis cyanellus,Lepomis cyanellus,Lepomis cyanellus,Lepomis cyanellus,A_Fish,A_Meat,Muscle,Y,Green sunfish
GTGGATCTAAAGCACCGCCAAGTCCTTTGGGTTTCAAGCTAATGCTCGTAGTTCCCAGGCGGATGGCAGGTGTAAGTTACCATCGATGTTTAAGGCTAG,Eukaryota,Chordata,Actinopteri,Centrarchiformes,Centrarchidae,Micropterus,NA,Micropterus,Micropterus,Micropterus,A_Fish,A_Meat,Muscle,Y,Black bass
GGGGATCTAAAGTACCGCCAAGTCCTTTGGGTTTTAAGCTAATGCTCGTAGTTCCCAGGCGGATAGAAGGTGTAAATCTCTATCAATGTTTACGGCTAA,Eukaryota,Chordata,Actinopteri,Scombriformes,Stromateidae,Peprilus,NA,Peprilus,Peprilus,Peprilus,A_Fish,A_Meat,Muscle,Y,Butterfish
GTGGATCTAAAGCACCGCCAAGTCCTTTGGGTTTCAAGCTGATGCTCGTAGTTCCCAGGCGGACAACAGGTGTATGTTGTTGTCAATGTTTAGGGCTAA,Eukaryota,Chordata,Actinopteri,Perciformes,Sciaenidae,Argyrosomus,Argyrosomus japonicus,Argyrosomus japonicus,Argyrosomus japonicus,Argyrosomus japonicus,A_Fish,A_Meat,Muscle,Y,Black drums
GTGGGTCTGAGACACCGCCAAGTCCTTTGGGTTTTAAGCTGTGCTCGTAGTACCCAGGCGGATGTGTGTGTAAAAGTACATCTAGGTTTAAGGCTAA,Eukaryota,Chordata,Actinopteri,Siluriformes,Pangasiidae,Pangasianodon,Pangasianodon hypophthalmus,Pangasianodon hypophthalmus,Pangasianodon hypophthalmus,Pangasianodon hypophthalmus,A_Fish,A_Meat,Muscle,Y,Swai
AAGGATATAAAGCACCGCCAAGTCCTTTGAGTTTTAAGCTGTTGCTGGTAGTACTCTGGCAAATAATTTTGTTTATGTAATTATCTGTGTTTAGGGCTAA,Eukaryota,Chordata,Mammalia,Artiodactyla,Bovidae,Bos,NA,Bos,Bos,Bos,A_Meat,A_Meat,Muscle,Y,Cattle
AGGGATGTAAAGCACCGCCAAGTCCTTTGAGTTTTAAGCTGTTGCTAGTAGTTCTCTGGCAAATAATTTTGTTACGTTAATTATTTATGTTTAGGGCTAG,Eukaryota,Chordata,Mammalia,Carnivora,Procyonidae,Procyon,Procyon lotor,Procyon lotor,Procyon lotor,Procyon lotor,A_Game,A_Meat,Muscle,Y,Raccoon
GTGGATCTAAAGCACCGCCAAGTCCTTTGGGTTTTAAGCTAATGCTCGTAGTTTCCTGGCGGGCAACAGATGTAGGGCGTTGCCAATGTTTAGGGCTAG,Eukaryota,Chordata,Actinopteri,Centrarchiformes,Centrarchidae,Lepomis,Lepomis auritus,Lepomis auritus,Lepomis auritus,Lepomis auritus,A_Fish,A_Meat,Muscle,Y,Redbreast sunfish
GGGGATCTAAAGTACCGCCAAGTCCTTTGGGTTTTAAGCTAATGCTCGTAGTACCCAGGCGGATAGAGGGTGTATAGTTCTATCAATGTTTACGGCTAG,Eukaryota,Chordata,Actinopteri,Scombriformes,Scombridae,Scomberomorus,NA,Scomberomorus,"Scomberomorus commerson, Scomberomorus cavalla",Scomberomorus,A_Fish,A_Meat,Muscle,Y,King mackerel
GTGGGTTTGGGGCACCGCCAAGTCCTTAGAGTTTTAAGTGTTTGTGTTTGTAGTTTTTAGGTGGATATATGTGTGATGGGAGGTATTTAGATTTAGGGCTAG,Eukaryota,Chordata,Aves,Galliformes,Phasianidae,Gallus,Gallus lafayettii,Gallus lafayettii,Gallus lafayettii,Gallus lafayettii,A_Poultry,A_Meat,Muscle,Y,Sri Lankan junglefowl
GTGGGTCTGAGACACCGCCAAGTCCTTTGGGTTTTAAGCTATGCTCGTAGTACCCGGGCGGATGTGTGTGTAAGAATACATCTGGGTTTAAGGCTAA,Eukaryota,Chordata,Actinopteri,Siluriformes,Ictaluridae,Ameiurus,NA,Ameiurus,Ameiurus,Ameiurus,A_Fish,A_Meat,Muscle,Y,Bullhead catfish
AGGGATGTAAAGCACCGCCAAGTCCTTTGAGTTCTAAGCTGTTGCTGGTAGTTCTCTGGCGGATAGTTTTGTTTAGGATAACTATCTAAGTTTAGGGCTAA,Eukaryota,Chordata,Mammalia,Carnivora,Felidae,Felis,Felis catus,Felis catus,Felis catus,Felis catus,Z_NonFood,Z_NonFood,Unknown,N,Cat
GGGGGTCTTAAGCACCGCCAGGTCCTTTGGGTTTTAAGCTAATGCTCGTAGTTCCCGGGCGGATAATGGATGTAAAAGATATCAATGTTTAGGACTAA,Eukaryota,Chordata,Actinopteri,Anabantiformes,Osphronemidae,Betta,Betta splendens,Betta splendens,Betta splendens,Betta splendens,A_Fish,A_Meat,Muscle,Y,Siamese fighting fish
AGGGATATAAAGCACCGCCAAGTCCTTTGAGTTTTAAGCTATTGCTAGTAGTCCCCTGGCGAATTATTTTGTTGTAAAATTATCTATGTTTAGGGCTAA,Eukaryota,Chordata,Mammalia,Carnivora,Canidae,Canis,Canis lupus,Canis lupus,Canis lupus,Canis lupus,Z_NonFood,Z_NonFood,Unknown,N,Wolf
GGGGATCTAAAGTACCGCCAAGTCCTTTGGGTTTCAAGCTGGTGCTCGTAGTACCCCGGCGGATAGATGGGATGTACTATTCTATCAATGTTTACGGCTAA,Eukaryota,Chordata,Actinopteri,Scombriformes,Pomatomidae,Pomatomus,Pomatomus saltatrix,Pomatomus saltatrix,Pomatomus saltatrix,Pomatomus saltatrix,A_Fish,A_Meat,Muscle,Y,Bluefish
AGGGATGTAAAGCACCGCCAAGTCCTTTGAGTTTTAAGCTATTGCTAGTAGTTCTCTGGCGGATAGTTTTGTTTAGGATAACTATCTAAGTTTAGGGCTAA,Eukaryota,Chordata,Mammalia,Carnivora,Felidae,Felis,NA,Felis,Felis,Felis,Z_NonFood,Z_NonFood,Unknown,N,Cat
GTGGGTCTAAAGCACCGCCAAGTCCTTTGGGTTTTAAGCTGATGCTTGTAGTTCCCGGGCGGATAACAGGTGTAGGTTGTTATCAATGTTTAGGGCTAA,Eukaryota,Chordata,Actinopteri,Perciformes,Sciaenidae,Larimichthys,Larimichthys crocea,Larimichthys crocea,Larimichthys crocea,Larimichthys crocea,A_Fish,A_Meat,Muscle,Y,Yellow croaker
GTGGATGTTAAGCACCGCCAAGTCCTTGGGGTTTTAAACTGATGTTCGTAATACCCGGGCGGATGTTTGGTGTAATATATAATCAATGTTTAGGGCTAA,Eukaryota,Chordata,Actinopteri,Carangiformes,Carangidae,Trachinotus,Trachinotus ovatus,Trachinotus ovatus,Trachinotus ovatus,Trachinotus ovatus,A_Fish,A_Meat,Muscle,Y,Pompano
GGGGATCTAAAGTACCGCCAAGTCCTTTGGGTTTCAAGCTAATGCTCGTAATATCCGGGCGGATAGAGAGGTGTATAATTCTATCAATGTTTACGGCTAG,Eukaryota,Chordata,Actinopteri,Scombriformes,Scombridae,Scomber,NA,Scomber,"Scomber japonicus, Scomber colias, Scomber australasicus",Scomber,A_Fish,A_Meat,Muscle,Y,Mackerel
ACGGATCTTAAGCACCGCCAAGTCCTTTGGGTTTTAAGCTAAAGCTCGTAGTACCCGGGCGGATAGTGGGTGTGGTAAAACTATCAAAGTTTAGGGCTGA,Eukaryota,Chordata,Actinopteri,Mugiliformes,Mugilidae,Mugil,Mugil curema,Mugil curema,Mugil curema,Mugil curema,A_Fish,A_Meat,Muscle,Y,White mullet
GTGGATCTAAAGCACCGCCAAGTCCTTTGGGTTTCAAGCTGATGCTCGTAGTCCCCGGGCGGATAGTGGGTGTAGCTAACTATCAATGTTTATGGCTAG,Eukaryota,Chordata,Actinopteri,Lutjaniformes,Lutjanidae,Lutjanus,Lutjanus guttatus,Lutjanus guttatus,Lutjanus guttatus,Lutjanus guttatus,A_Fish,A_Meat,Muscle,Y,Lane snapper
AAGGGTATAAAGCACCGCCAAGTCCTTTGAGTTTTAAGCTATTGCCGGTAGTACTCTGGCGAATAGTTTTGTTCATATAACTATTTGTGTTTAGGGCTAA,Eukaryota,Chordata,Mammalia,Artiodactyla,Cervidae,Mazama,Mazama nemorivaga,Mazama nemorivaga,Mazama nemorivaga,Mazama nemorivaga,A_Game,A_Meat,Muscle,Y,Amazonian brown brocket
GTGGGTCTGAGACACCGCCAAGTCCTTTGGGTTTTAAGCTGTGCTCGTAGTACCCGGGCGGATGTGTGTGTAAGAGTACATCTGGGTTTAGGGCTAA,Eukaryota,Chordata,Actinopteri,Siluriformes,Ictaluridae,Ictalurus,NA,Ictalurus,Ictalurus,Ictalurus,A_Fish,A_Meat,Muscle,Y,Catfish
GTGGGTTTAGGGCACCGCCAAGTCCTTTGAGTTTTAAGCAATTGCTAGTAGTTCTCTGGCGAATAATTTTGTTTGTTAAATTATTTTAGTTTATTACTAA,Eukaryota,Chordata,Mammalia,Didelphimorphia,Didelphidae,Didelphis,Didelphis virginiana,Didelphis virginiana,Didelphis virginiana,Didelphis virginiana,A_Game,A_Meat,Muscle,Y,Virginia opossum
GTGGGTTTAGGGCACCGCCAAGTCCTTAGAGTTTTAAGCGTTTGTGCTCGTAGTTCTCTGGCGGATACTTCGGTAGGATAAGTATCAAGATTTAGGGCCAG,Eukaryota,Chordata,Aves,Anseriformes,Anatidae,Cairina,Cairina moschata,Cairina moschata,Cairina moschata,Cairina moschata,A_Poultry,A_Meat,Muscle,Y,Muscovy duck
GTGGGTTTGGGGCACCGCCAAGTCCTTAGAGTTTTAAGCGTTGGTGCTCGTAGTTCTCGGGCGGATGCTTTAGTAGGTGTAAGCATCAAGATTTAGGGCCAG,Eukaryota,Chordata,Aves,Passeriformes,Fringillidae,NA,NA,Fringillidae,Fringillidae,Fringillidae,Z_NonFood,Z_NonFood,Unknown,N,Finch
AGGGATGTAAAGCACCGCCAAGTCCTTTGAGTTTTAAGCTATTGCTAGTAGTTCTCTGGCGGATAGTTTTGTTTAGGGTAACTATCTAAGTTTAGGGCTAA,Eukaryota,Chordata,Mammalia,Carnivora,Felidae,NA,NA,Felidae,Felidae,Felidae,Z_NonFood,Z_NonFood,Unknown,N,Cat family
GTGGGTGTGGAGCACCGTCAAGTCCTTTGAGTTTTAAGCTGTGGCTCGTAGTACTCTGGCGGAGGTTTTCAAAGTTTACGGTTAG,Eukaryota,Chordata,Amphibia,Caudata,Amphiumidae,Amphiuma,Amphiuma means,Amphiuma means,Amphiuma means,Amphiuma means,A_Amphibians,Z_NonFood,Unknown,N,Two-toed amphiuma
GTGGATCTAAAGCACCGCCAAGTCCTTTGGGTTTCAAGCTGATGCTCGTAGTCCCCGGGCGGATAGCGGGTGTAGTTAACTATCAATGTTTATGGCTAG,Eukaryota,Chordata,Actinopteri,Lutjaniformes,Lutjanidae,Lutjanus,Lutjanus ehrenbergii,Lutjanus ehrenbergii,Lutjanus ehrenbergii,Lutjanus ehrenbergii,A_Fish,A_Meat,Muscle,Y,Other snapper
GTGGGTCTAAAGCACCGCCAAGTCCTTTGGGTTTTAAGCTAATGCTCGTAGTTTCCTGGCGGGCAGCAGGTGTAAAGTGTTGCCAATGTTTAAGGCTAG,Eukaryota,Chordata,Actinopteri,Centrarchiformes,Centrarchidae,Lepomis,Lepomis macrochirus,Lepomis macrochirus,Lepomis macrochirus,Lepomis macrochirus,A_Fish,A_Meat,Muscle,Y,Bluegill
GTGGGTTTGAGGCACCGCCAAGTCCTTTGGGTTTTAAGCTAACGCTCGTAGTCCCCTGGCGGATGATATTTGTATGTTGTCATCGTTGTTTAAGGTTGA,Eukaryota,Chordata,Actinopteri,Anguilliformes,Anguillidae,Anguilla,NA,Anguilla,Anguilla,Anguilla,A_Fish,A_Meat,Muscle,Y,Eel
GTGGATCTTAAGCACCGCCAAGTCCTTTGGGTTTAAAGCTGAAGCTCGTAGTTCCCAGGCGGATAATGAGTGTGATAAATTATCAAAGTTTAGGGCTGG,Eukaryota,Chordata,Actinopteri,Mugiliformes,Mugilidae,Mugil,NA,Mugil,Mugil,Mugil,A_Fish,A_Meat,Muscle,Y,Striped mullet
GTGGGTCTAAAGCACCGCCAAGTCCTTTGGGTTTCAAGCTAATGCTCGTAGTGCCCGGGCGGACAGTGGGGGTAAACAACTGTCTATGTTTAAGGCTAA,Eukaryota,Chordata,Actinopteri,Perciformes,Moronidae,Morone,Morone saxatilis,Morone saxatilis,Morone saxatilis,Morone saxatilis,A_Fish,A_Meat,Muscle,Y,Striped bass
AAGGGTATAAAGCACCGCCAAGTCCTTTGAGTTTTAAGCTGTTGCTGGTAGTACTCTGGCAAATAATTTTGTTTGTACAATTATTTGTGTTTAGGGTTAA,Eukaryota,Chordata,Mammalia,Artiodactyla,Bovidae,Bos,Bos mutus,Bos mutus,Bos mutus,Bos mutus,A_Meat,A_Meat,Muscle,Y,Wild yak
GGGGGTTTAAAGTGCCGTCAAGTCCTTTGAGTTTTAAGCGGGGCTCGTAATTCTCTGGCGAGGGTAGTCTGTTGTGTACTACACCAATGTTAAGGGCTGA,Eukaryota,Chordata,Reptilia,Crocodylia,Alligatoridae,Alligator,Alligator mississippiensis,Alligator mississippiensis,Alligator mississippiensis,Alligator mississippiensis,A_Game,A_Meat,Muscle,Y,American alligator
GTGGATGTTAAGCACCGCCAAGTCCTTTGGGTTTTAAACTAATGTTCGTAATCCCCAGGCGGATGTTGAATGTACTGTACAATCGATGTTTAGGGCTAA,Eukaryota,Chordata,Actinopteri,Pleuronectiformes,Paralichthyidae,Paralichthys,Paralichthys lethostigma,Paralichthys lethostigma,Paralichthys lethostigma,Paralichthys lethostigma,A_Fish,A_Meat,Muscle,Y,Southern flounder
GTGGGTCTGAGGCACCGCCAAGTCCTTTGGGTTTTAAGCTGGCGCTTGTAGTTCCCTGGCGGATATCAATTGTATATTTCTATCAAAGTTTACGGCTAG,Eukaryota,Chordata,Actinopteri,Salmoniformes,Salmonidae,Oncorhynchus,Oncorhynchus kisutch,Oncorhynchus kisutch,Oncorhynchus kisutch,Oncorhynchus kisutch,A_Fish,A_Meat,Muscle,Y,Coho salmon
GGGGGTCTGAGGCACCGCCAAGTCCTTTGGGTTTTAAGCTGGTGCTCGTAGTTCCCTGGCGGATGCTAGTTGTACATTAGCATTAAAGTTTATGGCTAG,Eukaryota,Chordata,Actinopteri,Clupeiformes,Engraulidae,Engraulis,Engraulis encrasicolus,Engraulis encrasicolus,Engraulis encrasicolus,Engraulis encrasicolus,A_Fish,A_Meat,Muscle,Y,European anchovy
GTGGGTCTAAAGCACCGCCAAGTCCTTTGGGTTTTAAGCTAGTGCTCGTAGTACCCGGGCGGATAGCGGGTGTAGTGGGCTATCAAAGTTTAGGGCTGG,Eukaryota,Chordata,Actinopteri,Cichliformes,Cichlidae,Oreochromis,Oreochromis niloticus,Oreochromis niloticus,Oreochromis niloticus,Oreochromis niloticus,A_Fish,A_Meat,Muscle,Y,Nile tilapia
ATGGATATAAAGTACCGCCAAGTCCTTTGAGTTTTAAGCTGTGGCCAGTAGTTCTCAGGCAAATATATTTGTTTTGTATTATATATATTGAAGTTTAGGGCTAA,Eukaryota,Chordata,Mammalia,Rodentia,Cricetidae,Ondatra,Ondatra zibethicus,Ondatra zibethicus,Ondatra zibethicus,Ondatra zibethicus,A_Game,A_Meat,Muscle,Y,Muskrat
GGGGGTCTGAAGCACCGCCAAGTCCTTTGGGTTTTAAGCTAGCGCTCGTAGTCCCCAGGCGGATGTTTGTTGTAGAAAAACATCTAAATTTACGGCAAG,Eukaryota,Chordata,Actinopteri,Clupeiformes,Clupeidae,Tenualosa,Tenualosa ilisha,Tenualosa ilisha,Tenualosa ilisha,Tenualosa ilisha,A_Fish,A_Meat,Muscle,Y,Ilish
GTGGGTCTAAAGCACCGCCAAGTCCTTTGGGTTTTAAGCTAATGCTTGTAGTTCCCAGGCGGACAGAAAATGTAATATACTGTCAATGTTTATGGCTAA,Eukaryota,Chordata,Actinopteri,Spariformes,Sparidae,Lagodon,Lagodon rhomboides,Lagodon rhomboides,Lagodon rhomboides,Lagodon rhomboides,A_Fish,A_Meat,Muscle,Y,Lagodon
GTGGGTCTAAAGCACCGCCAAGTCCTTTGGGTTTTAAGCTAATGCTCGTAGTTCCCGGGCGGACAGAAAATGTAGTAGACTGTCAATGTTTATGGCTAA,Eukaryota,Chordata,Actinopteri,Spariformes,Sparidae,Stenotomus,Stenotomus chrysops,Stenotomus chrysops,Stenotomus chrysops,Stenotomus chrysops,A_Fish,A_Meat,Muscle,Y,Scup
GTGGGTTTAGGGCACCGCCAAGTCCTTAGAGTTTTAAGCGTTTGTGCTCGTAGTTCTCTGGCGGATACTTCGGTAGGGTAAGTATCAAGATTTAGGGCCAG,Eukaryota,Chordata,Aves,Anseriformes,Anatidae,NA,NA,Anatidae,Anatidae,Anatidae,A_Poultry,A_Meat,Muscle,Y,"Duck, Goose"
GTGGGTCTGAGGCACCGCCAAGTCCTTTGGGTTTTAAGCTGGCGCTTGTAGTCCCCTGGCGGATATCAATTGTATATTTTTATCAAGGTTTACGGCTAG,Eukaryota,Chordata,Actinopteri,Salmoniformes,Salmonidae,Oncorhynchus,NA,Oncorhynchus,Oncorhynchus,Oncorhynchus,A_Fish,A_Meat,Muscle,Y,Sockeye or pink salmon
AAGGGTATAAAGCACCGCCAAGTCCTTTGAGTTTCGGGCTGTTGCCGGTAGTACTCTGGCGAATAATTTTGTTTTTATAATTATTTGTGTTTAGGGCTAA,Eukaryota,Chordata,Mammalia,Artiodactyla,Bovidae,Ovis,Ovis aries,Ovis aries,Ovis aries,Ovis aries,A_Meat,A_Meat,Muscle,Y,Sheep
GTGGATCTAAAGCACCGCCAAGTCCTTTGGGTTTTAAGCTAGTGCTCGTAGTACCCGGGCGGATAGCGGGTGTAGTGGGCTATCAAAGTTTAGGGCTGG,Eukaryota,Chordata,Actinopteri,Cichliformes,Cichlidae,NA,NA,Cichlidae,Cichlidae,Cichlidae,A_Fish,A_Meat,Muscle,Y,Tilapia
GGGGATCTAAAGTACCGCCAAGTCCTTTGGGTTTCAAGCTGATGCTCGTAGTACCCGGGCGGATAGAGGGCGTATAATTCTATCAATGTTTACGGCTAG,Eukaryota,Chordata,Actinopteri,Scombriformes,Scombridae,Scomberomorus,NA,Scomberomorus,"Scomberomorus concolor, Scomberomorus maculatus, Scomberomorus sierra, Scomberomorus tritor, Scomberomorus brasiliensis",Scomberomorus,A_Fish,A_Meat,Muscle,Y,Spanish mackerel
AGGGGTATAAAGCACCGCCAAGTCCTTTGAGTTTTAAGCAGTGGCTAGTAGTTCTCTGGCGAATATTCTTGTTAATTGAATATTTATGTTTAGGGCTAA,Eukaryota,Chordata,Mammalia,Rodentia,Sciuridae,Sciurus,Sciurus carolinensis,Sciurus carolinensis,Sciurus carolinensis,Sciurus carolinensis,A_Game,A_Meat,Muscle,Y,Eastern gray squirrel
GTGGGTCTAAAGCACCGCCAAGTCCTTTGGGTTTTAAGCTAATGCTCGTAGTACCCAGGCGGACAACAGGTGTATGTTGTTGTCAATGTTTAAGGCTAA,Eukaryota,Chordata,Actinopteri,Perciformes,Sciaenidae,Cynoscion,NA,Cynoscion,Cynoscion,Cynoscion,A_Fish,A_Meat,Muscle,Y,Weakfish
GGGGATCTAAAGTACCGCCAAGTCCTTTGGGTTTCAAGCTAATGCTCGTAGTACCCAGGCGGATAGAGGGAGTATAATTCTATCAATGTTTACGGCTAA,Eukaryota,Chordata,Actinopteri,Scombriformes,Scombridae,Acanthocybium,Acanthocybium solandri,Acanthocybium solandri,Acanthocybium solandri,Acanthocybium solandri,A_Fish,A_Meat,Muscle,Y,Wahoo
GTGGATATTAAGCACCGCCAAGTCCTTTGGGTTTTAAGCTAGTGCTTGTAATTCCCGGGCGGAATATTAAGTGTAATGTAAAATCAATGTTTAGGGCTAA,Eukaryota,Chordata,Actinopteri,Perciformes,Centropomidae,Lates,Lates calcarifer,Lates calcarifer,Lates calcarifer,Lates calcarifer,A_Fish,A_Meat,Muscle,Y,Barramundi
GGGGGTCTGAAGCACCGCCAAGTCCTTTGGGTTTTAAGCTGGCGCTCGTAGTCCCCTGGCGGATATTTATTGTACTGGAATATCTAAGTTTACGGCGGG,Eukaryota,Chordata,Actinopteri,Clupeiformes,Clupeidae,Brevoortia,Brevoortia tyrannus,Brevoortia tyrannus,Brevoortia tyrannus,Brevoortia tyrannus,A_Fish,A_Meat,Muscle,Y,Atlantic menhaden
GGGGTATAAAGCACCGCCAAGTCCTTTGAGTTTTAAGCTAAAGCTCGTAGTGCTCTGGCGGGTATATCCAAAGTTTATAATTGA,Eukaryota,Chordata,Amphibia,Caudata,Plethodontidae,Eurycea,Eurycea wilderae,Eurycea wilderae,Eurycea wilderae,Eurycea wilderae,A_Amphibians,A_Meat,Muscle,Y,Blue Ridge two-lined salamander
GTGGATGTGAAGCACCGCCAAGTCCTTTGAGTTTTAGGCAGTTGCGAGTAGTACTCTGGCGAATAGTTTTGTTATGTAACTATTTGGGTTTAGGGCTAG,Eukaryota,Chordata,Mammalia,Artiodactyla,Suidae,Sus,Sus scrofa,Sus scrofa,Sus scrofa,Sus scrofa,A_Meat,A_Meat,Muscle,Y,Pig
GTGGGTCTGAGGCACCGCCAAGTCCTTTGGGTTTTAAGCTGGCGCTTATAGTCCCCTGGCGGATGTCAGTTGTATGTTTCCATCAAAGTTTACGGCTAG,Eukaryota,Chordata,Actinopteri,Salmoniformes,Salmonidae,Salmo,Salmo salar,Salmo salar,Salmo salar,Salmo salar,A_Fish,A_Meat,Muscle,Y,Atlantic salmon
GTGGGTGTGAGGCACCGCCAAGTCCTTTGGGTTTTAAGCTAACGCTTGTAGTTCCCTGGCGGATATTAGGTGTAAATTAACATCAAAGTTTATGGCTAA,Eukaryota,Chordata,Actinopteri,Osmeriformes,Salangidae,Mallotus,Mallotus villosus,Mallotus villosus,Mallotus villosus,Mallotus villosus,A_Fish,A_Meat,Muscle,Y,Capelin
GTGGGTCTGAGACACCGCCAAGTCCTTTGGGTTTTAAGCTAGGCTCGTAGTACCCTGGCGGATGTGTGTGTAAGTTTACATCTAGGTTTATGGCTAA,Eukaryota,Chordata,Actinopteri,Siluriformes,Clariidae,Clarias,Clarias batrachus,Clarias batrachus,Clarias batrachus,Clarias batrachus,A_Fish,A_Meat,Muscle,Y,Walking catfish
GTGGGTCTAAAGCACCGCCAAGTCCTTTGGGTTTTAAGCTGTTGCTCGTAGTTCCCGGGCGGATAGTGGTTGTATAAGGCTATCAATGTTTAGGGCAAA,Eukaryota,Chordata,Actinopteri,Perciformes,Serranidae,Epinephelus,NA,Epinephelus,Epinephelus,Epinephelus,A_Fish,A_Meat,Muscle,Y,Groupers
GTGGGTCTAAAGCACCGCCAAGTCCTTTGGGTTTTAAGCTGATGCTCGTAGTTCCCAGGCGGACAACAGGTGTATATTGTTGTCAATGTTTAGGGCTAA,Eukaryota,Chordata,Actinopteri,Perciformes,Sciaenidae,Micropogonias,Micropogonias undulatus,Micropogonias undulatus,Micropogonias undulatus,Micropogonias undulatus,A_Fish,A_Meat,Muscle,Y,Atlantic croaker
GTGGGTCTGAGGCACCGCCAAGTCCTTTGGGTTTTAAGCTGGCGCTTGTAGTACCCTGGCGGATATCAATTGTATATTTTTATCAAAGTTTACGGCTAG,Eukaryota,Chordata,Actinopteri,Salmoniformes,Salmonidae,Oncorhynchus,Oncorhynchus tshawytscha,Oncorhynchus tshawytscha,Oncorhynchus tshawytscha,Oncorhynchus tshawytscha,A_Fish,A_Meat,Muscle,Y,Chinook salmon
GTGGATGTTAAGCACCGCCAAGTCCTTTGGGTTTTAAACTAATGTTCGTAATTCCCAGGCGGATGTTTGATGTAGTAAACGATCAATGTTTAGGGCTAA,Eukaryota,Chordata,Actinopteri,Carangiformes,Carangidae,Caranx,NA,Caranx,Caranx,Caranx,A_Fish,A_Meat,Muscle,Y,Blue runner
GTGGATCTAAAGCACCGCCAAGTCCTTTGGGTTTTAAGCTAATGCTCGTAGTTCCCAGGCGGATGGCAGGTGTAAGTTGCCATCGATGTTTAAGGCTAG,Eukaryota,Chordata,Actinopteri,Centrarchiformes,Centrarchidae,Micropterus,Micropterus salmoides,Micropterus salmoides,Micropterus salmoides,Micropterus salmoides,A_Fish,A_Meat,Muscle,Y,Largemouth bass
GGGGGTCTAAAGCACCGCCAAGTCCTTTGGGTTTTAAGCTGGTGCTCGTAGTTCCCAGGCGGGTAGGGTATGTGATATGTTACCAAGGTTTAGGGCTAG,Eukaryota,Chordata,Actinopteri,Perciformes,Sebastidae,Sebastes,NA,Sebastes,Sebastes,Sebastes,A_Fish,A_Meat,Muscle,Y,"Red fish, Rock fish"
AAGGGTATAAAGCACCGCCAAGTCCTTTGAGTTTCGGGCTGTTGCCGGTAGTACTCTGGCGAATAATTTTGTTTCTGTAATTATTTGTGTTTAGGGCTAA,Eukaryota,Chordata,Mammalia,Artiodactyla,Bovidae,Capra,NA,Capra,Capra,Capra,A_Meat,A_Meat,Muscle,Y,Goat
GTGGATGTTAAGCACCGCCAAGTCCTTTGGGTTTTAAACTGGTGTTCGTAATTCCCAGGCGGATGTTTGGTGTAATAAACGATCAATGTTCAGGGCTAA,Eukaryota,Chordata,Actinopteri,Carangiformes,Carangidae,Seriola,NA,Seriola,Seriola,Seriola,A_Fish,A_Meat,Muscle,Y,Amberjacks
AAGGGTATAAAGCACCGCCAAGTCCTTTGAGTTTTAAGCTATTGCCGGTAGTACTCTGGCGAACAGTCTTGTTTACATAACTATTTGTGTTTAAGGCTAG,Eukaryota,Chordata,Mammalia,Artiodactyla,Cervidae,Cervus,NA,Cervus,Cervus,Cervus,A_Game,A_Meat,Muscle,Y,Red deer
ATGGTTTTAAAGCACCGCCAAGTCCTTTGGGTTTTAAGCTAATGCTCGTAGTACCCGGGCGGATGGTGGATGTATGTAAGTATCATTGTTTAGGGCTAA,Eukaryota,Chordata,Actinopteri,Tetraodontiformes,Tetraodontidae,Sphoeroides,NA,Sphoeroides,Sphoeroides,Sphoeroides,A_Fish,A_Meat,Muscle,Y,Southern puffer
GTGGGTCTAAAGCACCGCCAAGTCCTTTGGGTTTCAAGCTAATGCTCGTAGTACCCGGGCGGACAGTGTGGGTAAACAACTGTCTATGTTTAAGGCTAA,Eukaryota,Chordata,Actinopteri,Perciformes,Moronidae,Morone,Morone chrysops,Morone chrysops,Morone chrysops,Morone chrysops,A_Fish,A_Meat,Muscle,Y,White bass
GGGGGTCTAAAGCACCGCCAAGTCCTTTGGGTTTTAAGCTGGTGCTCGTAGTACCCAGGCGGGTAGCGGCTGTGATGCGCTACCAATGTTTAGGGCTGA,Eukaryota,Chordata,Actinopteri,Perciformes,Serranidae,Centropristis,Centropristis striata,Centropristis striata,Centropristis striata,Centropristis striata,A_Fish,A_Meat,Muscle,Y,Black sea bass
GTGGATCTAAAGCACCGCCAAGTCCTTTGGGTTTTAAGCTGGTGCTCGTAATCCCCGGGCGGACGGCATATGTAGTAGACGTCAATGTTTAAGGCTGG,Eukaryota,Chordata,Actinopteri,Lutjaniformes,Haemulidae,Pomadasys,Pomadasys stridens,Pomadasys stridens,Pomadasys stridens,Pomadasys stridens,A_Fish,A_Meat,Muscle,Y,Grunts
AAGGATATAAAGCACCGCCAAGTCCTTTGAGTTTTAAGCTGTTGCTAGTAGTACTCTGGCGAATAATTTTGTTTATGTAATTATCTGTGTTTAGGGCTAA,Eukaryota,Chordata,Mammalia,Artiodactyla,Bovidae,Bos,Bos taurus,Bos taurus,Bos taurus,Bos taurus,A_Meat,A_Meat,Muscle,Y,Cattle
GGGGATCTAAAGTACCGCCAAGTCCTTTGGGTTTCAAGCTAATGCTCGTAATATCCAGGCGGATAGGGGGTGTAGGGTTCTATCAATGTTTACGGCTAG,Eukaryota,Chordata,Actinopteri,Scombriformes,Scombridae,Rastrelliger,Rastrelliger brachysoma,Rastrelliger brachysoma,Rastrelliger brachysoma,Rastrelliger brachysoma,A_Fish,A_Meat,Muscle,Y,Short mackerel
GGGGGTCTGAAGCACCGCCAAGTCCTTTGGGTTTTAAGCTGGCGCTCGTAGTTCCCGGGCGGATATTTGTTGTACTAATATATCTAAGTTTACGGCGGG,Eukaryota,Chordata,Actinopteri,Clupeiformes,Clupeidae,Clupea,Clupea harengus,Clupea harengus,Clupea harengus,Clupea harengus,A_Fish,A_Meat,Muscle,Y,Atlantic herring
GTGGATGTTAAGCACCGCCAAGTCCTTTGGGTTTTAAACTGATGTTCGTAATTCCCGGGCGGATGTTTGGTGTAGTAAACAATCAATGTTTAGGGCTAA,Eukaryota,Chordata,Actinopteri,Carangiformes,Carangidae,Elagatis,Elagatis bipinnulata,Elagatis bipinnulata,Elagatis bipinnulata,Elagatis bipinnulata,A_Fish,A_Meat,Muscle,Y,Rainbow runner
GTGGGTTTGGGGCACCGCCAAGTCCTTAGAGTTTTAAGCGTTTGTGCTCGTAGTTCTCAGGCGGATACATGTGTGATGGGAGGTATCTAGATTTAGGGCTAG,Eukaryota,Chordata,Aves,Galliformes,Phasianidae,Gallus,Gallus gallus,Gallus gallus,Gallus gallus,Gallus gallus,A_Poultry,A_Meat,Muscle,Y,Chicken
GTGGGTTTGAGGCACCGCCAAGTCCTTTGGGTTTTAAACTTTGCTCGTAATCCCCTGGCGGATGATGTTTGTGTATTATCATCTTTGTTTACAGTTAA,Eukaryota,Chordata,Actinopteri,Anguilliformes,Congridae,Conger,Conger oceanicus,Conger oceanicus,Conger oceanicus,Conger oceanicus,A_Fish,A_Meat,Muscle,Y,American conger
GTGGGTTTAGGGCACCGCCAAGTCCTTAGAGTTTTAAGCGTTTGTGCTCGTAGTTCTCGGGCGGATGTTTTATGTGTTGGGAACATCGGGATTTAGGGCCAG,Eukaryota,Chordata,Aves,Psittaciformes,Psittacidae,Psittacula,Psittacula eupatria,Psittacula eupatria,Psittacula eupatria,Psittacula eupatria,Z_NonFood,Z_NonFood,Unknown,N,Alexandrine parakeet
TGGGGGGTAAAGCACCGCCAAGTCCTTTGGGTTTTAAGCTAGTGCTCGTAGTCCCCGGGCGGAGGGTCAGAGTATCGGGCCCTCGATGTTAACAGCCAC,Eukaryota,Chordata,Actinopteri,Gadiformes,Merlucciidae,Merluccius,Merluccius bilinearis,Merluccius bilinearis,Merluccius bilinearis,Merluccius bilinearis,A_Fish,A_Meat,Muscle,Y,Silver hake
GTGGGTCTGAGACACCGCCAAGTCCTTTGGGTTTTAAGCTGTGCTCGTAGTACCCGGGCGGATGTGTGTGTAAGAGTACATCTGGGTTTAAGGCTAA,Eukaryota,Chordata,Actinopteri,Siluriformes,Ictaluridae,Ameiurus,Ameiurus catus,Ameiurus catus,Ameiurus catus,Ameiurus catus,A_Fish,A_Meat,Muscle,Y,White bullhead
GTGGGTATAAAGCACCGCCAAGTCCTTTGAGTTTTAAGCTTTGGCTTGTAGTTCTCTGGCGAATAATTTTGTTATGAAATTATCAAAGTTTAGGGCTAA,Eukaryota,Chordata,Mammalia,Lagomorpha,Leporidae,Oryctolagus,Oryctolagus cuniculus,Oryctolagus cuniculus,Oryctolagus cuniculus,Oryctolagus cuniculus,A_Game,A_Meat,Muscle,Y,European rabbit
GTGGATCTAAAGCACCGCCAAGTCCTTTGGGTTTTAAGCTGGCGCTCGTAGTTCCCAGGCGGACAACAGGTGTGTGTTGTTGTCAATGTTTACGACTAA,Eukaryota,Chordata,Actinopteri,Perciformes,Sciaenidae,Menticirrhus,Menticirrhus littoralis,Menticirrhus littoralis,Menticirrhus littoralis,Menticirrhus littoralis,A_Fish,A_Meat,Muscle,Y,Gulf kingcroaker
AGGGATATAAAGCACCGCCAAGTCCTTTGAGTTTTAAGCTATTGCTAGTAGTCCTCTGGCGAATTATTTTGTTGTAAAATTATCTATGTTTAGGGCTAA,Eukaryota,Chordata,Mammalia,Carnivora,Canidae,Canis,NA,Canis,Canis,Canis,Z_NonFood,Z_NonFood,Unknown,N,Wolf
GTGGATCTAAAGCACCGCCAAGTCCTTTGGGTTTCAAGCTAAAGCTCGTAGTTCCCAGGCGGATAGCAGATGTAGGATGCTATCAATGTTTAGGGCTAG,Eukaryota,Chordata,Actinopteri,Centrarchiformes,Centrarchidae,Pomoxis,Pomoxis nigromaculatus,Pomoxis nigromaculatus,Pomoxis nigromaculatus,Pomoxis nigromaculatus,A_Fish,A_Meat,Muscle,Y,Black crappie
GGGGGTCTGAAGCACCGCCAAGTCCTTTGGGTTTTAAGCTAGCGCTCGTAGTCCCCTGGCGGATATCTATTGTATTGAAATATCTAAGTTTACGGCAGG,Eukaryota,Chordata,Actinopteri,Clupeiformes,Clupeidae,Sardinops,Sardinops melanostictus,Sardinops melanostictus,Sardinops melanostictus,Sardinops melanostictus,A_Fish,A_Meat,Muscle,Y,Sardinops
GTGGGTGTAAAGCACCGCCAAGTCCTTTGAGTTTTAAGCAGTGGCTCGTAGTTCTCGGGCGAAATATTTTGTTATGAATATTTTATTTTTACGACTAA,Eukaryota,Chordata,Mammalia,Rodentia,Thryonomyidae,Thryonomys,Thryonomys swinderianus,Thryonomys swinderianus,Thryonomys swinderianus,Thryonomys swinderianus,A_Game,A_Meat,Muscle,Y,Greater cane rat
GTGGGTCTGAGACACCGCCAAGTCCTTTGGGTTTTAAGCTGTGCTCGTAGTACCCGGGCGGATGTGTGTGTAAGAATACATCTGGGTTTAAGGCTAA,Eukaryota,Chordata,Actinopteri,Siluriformes,Ictaluridae,Ameiurus,Ameiurus natalis,Ameiurus natalis,Ameiurus natalis,Ameiurus natalis,A_Fish,A_Meat,Muscle,Y,Yellow bullhead
GTGGATGTTAAGCACCGCCAAGTCTTTGGGGTTTTAAACTGATGTTCGTAATACCCGGGCGGATGTTTGGTGTAATATGTAATCAATGTTTAGGGCTAA,Eukaryota,Chordata,Actinopteri,Carangiformes,Carangidae,Trachinotus,Trachinotus blochii,Trachinotus blochii,Trachinotus blochii,Trachinotus blochii,A_Fish,A_Meat,Muscle,Y,Snubnose pompano
GGGGGTTTGAGGTACCGCCAAGTCCTTAGAGTTTTAAGCGTATTGCTCGTAGTTCTCTGGCGGATATTTTTGTATGTGAAATATCTAGGTTTAGGGCTAA,Eukaryota,Chordata,Reptilia,Testudines,Chelydridae,Chelydra,Chelydra serpentina,Chelydra serpentina,Chelydra serpentina,Chelydra serpentina,A_Game,A_Meat,Muscle,Y,Snapping turtle
ATGGATATAAAGTACCGCCAAGTCCTTTGAGTTTTAAGCTATGGCTAGTAGTTCTCTGGCAAATAGTTTTGTTAAATTTAATTATTTAGGTTTATGGCTAA,Eukaryota,Chordata,Mammalia,Rodentia,Muridae,Mus,Mus musculus,Mus musculus,Mus musculus,Mus musculus,Z_NonFood,Z_NonFood,Unknown,N,House mouse
GGGGGTTTAAAGCACCGCCAAGTCCTTTGAGTTTTAAGCTGTTGCTAGTAGTTCTCCGGCGAATAATTTTGTTTAATAAATTACTTATGTTTAAGGCTAA,Eukaryota,Chordata,Mammalia,Carnivora,Ursidae,Ursus,Ursus americanus,Ursus americanus,Ursus americanus,Ursus americanus,A_Game,A_Meat,Muscle,Y,American black bear
GTGGGTTTGGGACACCGCCAAGTCCTTAGAGTTTTAAGCGTTTGTGCTCGTAGTTCTCGGGCGGACGCTCAGGTAAAGTAGAGCATCAAGATTTAGGGCCAG,Eukaryota,Chordata,Aves,Passeriformes,Sturnidae,NA,NA,Sturnidae,Sturnidae,Sturnidae,Z_NonFood,Z_NonFood,Unknown,N,Starlings
GTGGGTCTAAAGCACCGCCAAGTCCTTTGGGTTTCAAGCTAATGCTCGTAGTACCCTGGCGGACAGTGGGAATAAGCAACTGTCTATGTTTAAGGCTAA,Eukaryota,Chordata,Actinopteri,Perciformes,Moronidae,Dicentrarchus,Dicentrarchus labrax,Dicentrarchus labrax,Dicentrarchus labrax,Dicentrarchus labrax,A_Fish,A_Meat,Muscle,Y,Branzino
ATGGATATAAAGTACCGCCAAGTCCTTTGAGTTTTAAGCTGTGGCTAGTAGTTCTCAGGCAAATAGTTTTGTTATTTAAATATTTAGGTTTAGGGCTAA,Eukaryota,Chordata,Mammalia,Rodentia,Cricetidae,Phodopus,Phodopus sungorus,Phodopus sungorus,Phodopus sungorus,Phodopus sungorus,Z_NonFood,Z_NonFood,Unknown,N,Winter white dwarf hamster
AGGGATATAAAGCACCGCCAAGTCCTTTGAGTTTTAGGCTGTTGCCGGTAGTACTCTGGCGAATAATTTTGTTAATATAATTATTTGTGTTTAGGGCTAA,Eukaryota,Chordata,Mammalia,Artiodactyla,Bovidae,Bubalus,Bubalus bubalis,Bubalus bubalis,Bubalus bubalis,Bubalus bubalis,A_Meat,A_Meat,Muscle,Y,Water buffalo
GTGGGTTTAGGGCACCGCCAAGTCCTTAGAGTTTTAAGCGTTTGTGCTCGTAGTCCTCGGGCGGATGCTTTAGTAACATAAGCATCTAGATTTAGGGCCAG,Eukaryota,Chordata,Aves,Columbiformes,Columbidae,NA,NA,Columbidae,Columbidae,Columbidae,A_Poultry,A_Meat,Muscle,Y,"Pigeon, Dove"
GTGGATATGGGGTACCGTCAAGTCCTTTGGGTTTTAAGCTTTGCTCGTAGTTCCCTGGCGATGTTGGTGTAATTAAAAGTTTACGGTTGA,Eukaryota,Chordata,Amphibia,Anura,Hylidae,Dryophytes,Dryophytes cinereus,Dryophytes cinereus,Dryophytes cinereus,Dryophytes cinereus,Z_NonFood,Z_NonFood,Unknown,N,American green tree frog
AGGGATATAAAGCACCGCCAAGTCCTTTGAGTTTTAAGCTGTTGCTAGTAGTTCTCTGGCGGATAGTTTTGTTTAGTTAAACTATCTAGGTTTAGGGCTAA,Eukaryota,Chordata,Mammalia,Carnivora,Felidae,Panthera,Panthera tigris,Panthera tigris,Panthera tigris,Panthera tigris,Z_NonFood,Z_NonFood,Unknown,N,Tiger
GTGGATCTAAAGCACCGCCAAGTCCTTTGGGTTTTAAGCTGGTGCTCGTAGTTTCCAGGCGGGCAGCGGGTGTGGGGTGCTGCCAATGTTTAAGGCTAG,Eukaryota,Chordata,Actinopteri,Ephippiformes,Ephippidae,Chaetodipterus,Chaetodipterus faber,Chaetodipterus faber,Chaetodipterus faber,Chaetodipterus faber,A_Fish,A_Meat,Muscle,Y,Atlantic spadefish
GTGGATGTTAAGCACCGCCAAGTCCTTTGGGTTTTAAACTAACGTTTGTAATCCCCGGGCGGATATTGAGTGTATTATACAATCGATGTTTAGGGCTAA,Eukaryota,Chordata,Actinopteri,Pleuronectiformes,Paralichthyidae,Paralichthys,Paralichthys dentatus,Paralichthys dentatus,Paralichthys dentatus,Paralichthys dentatus,A_Fish,A_Meat,Muscle,Y,Fluke
GTGGATGTTAAGCACCGCCAAGTCCTTTGGGTTTTAAACTGATGCTCGTAATTCCCGGGCGGATATTGGGTGTAATTAATAATCGATGTTTAGGGCTAA,Eukaryota,Chordata,Actinopteri,Istiophoriformes,Xiphiidae,Xiphias,Xiphias gladius,Xiphias gladius,Xiphias gladius,Xiphias gladius,A_Fish,A_Meat,Muscle,Y,Swordfish
GGGGGTCTAAAGCACCGCCAAGTCCTTTGGGTTTTAAGCTCATGCTCGTAGTTCCCAGGCGGATAGAGATTGTAGATTTCTATCGAAGTTTATGGCTGT,Eukaryota,Chordata,Actinopteri,Cyprinodontiformes,Poeciliidae,Xiphophorus,Xiphophorus maculatus,Xiphophorus maculatus,Xiphophorus maculatus,Xiphophorus maculatus,A_Fish,A_Meat,Muscle,Y,Southern platyfish
GGGGGTCTGAAGCACCGCCAAGTCCTTTGGGTTTTAAGCTGGCGCTCGTAGTCCCCTGGCGGATATTTGTTGTACTGGAATATCTAAGTTTACGGCGGG,Eukaryota,Chordata,Actinopteri,Clupeiformes,Clupeidae,NA,NA,Clupeidae,Clupeidae,Clupeidae,A_Fish,A_Meat,Muscle,Y,Shad or herring
GTGGGTTTGGGGCACCGCCAAGTCCTTAGAGTTTTAAGCGTTTGTGCTCGTAGTTCTCAGGCGGATGCTTTGGTTATATAGAGCATCAAGATTTAGGGCCAG,Eukaryota,Chordata,Aves,Columbiformes,Columbidae,Columba,Columba livia,Columba livia,Columba livia,Columba livia,A_Poultry,A_Meat,Muscle,Y,Pigeon
GGGGGTCTGAAGCACCGCCAAGTCCTTTGGGTTTTAAGCTTTCGCTCGTAGTACCCTGGCGGATGAACATTATAATTGATCATCTAAGTTTACGGCTGA,Eukaryota,Chordata,Actinopteri,Aulopiformes,Synodontidae,Synodus,NA,Synodus,Synodus,Synodus,A_Fish,A_Meat,Muscle,Y,Lizardfish
GTGGATCTAAAGCACCGCCAAGTCCTTTGGGTTTTAAGCTAATGCTCGTAGTTCCCTGGCGGATGGTTTAAGTAAGTGGCCATCGATGTTTAAGGCTAG,Eukaryota,Chordata,Actinopteri,Tetraodontiformes,Balistidae,Balistes,Balistes capriscus,Balistes capriscus,Balistes capriscus,Balistes capriscus,A_Fish,A_Meat,Muscle,Y,Grey triggerfish
GTGGGTTTGGGGCACCGCCAAGTCCTTAGAGTTTTAAGCGTTTGTGCTCGTAGTTCTCAGGCGGATACTTAGGTATTGAAGTATCTAGATTTAGGGCTAG,Eukaryota,Chordata,Aves,Galliformes,Numididae,Numida,Numida meleagris,Numida meleagris,Numida meleagris,Numida meleagris,A_Poultry,A_Meat,Muscle,Y,Helmeted guineafowl
GTGGGTCTAAAGCACCGCCAAGTCCTTTGGGTTTCAAACTAATGCTCGTAGTACCCGGGCGGACAGTGGGGGTAAACAACTGTCTATGTTTAGGGCTAA,Eukaryota,Chordata,Actinopteri,Perciformes,Moronidae,Morone,Morone americana,Morone americana,Morone americana,Morone americana,A_Fish,A_Meat,Muscle,Y,White perch
CTGGGTGGGACACCGTCAAATCCTTTGGGTTTTAAGCATTGCTCGTAGTTCCCTGGCGCTGATAGGTGTAAATTAATTGTTTACGGCTAG,Eukaryota,Chordata,Amphibia,Anura,Ranidae,Rana,NA,Rana,Rana,Rana,A_Amphibians,A_Meat,Muscle,Y,Frog
ATGGATATAAAGTACCGCCAAGTCCTTTGAGTTTTAAGCTGTAGCTAGTAGTTCTCTGGCAAATAATTTTGTAGGTTTAATTATTAAGGTTTAGGGCTAA,Eukaryota,Chordata,Mammalia,Rodentia,Muridae,Rattus,Rattus norvegicus,Rattus norvegicus,Rattus norvegicus,Rattus norvegicus,Z_NonFood,Z_NonFood,Unknown,N,Brown rat
GTGGGTTTAGGGCACCGCCAAGTCCTTAGAGTTTTAAGCGTTTGTGCTCGTAGTTCTCAGGCGGATGCTCTGGTAAGGTGAGTATCAAGATTTAGGGCTAA,Eukaryota,Chordata,Aves,Casuariiformes,Dromaiidae,Dromaius,Dromaius novaehollandiae,Dromaius novaehollandiae,Dromaius novaehollandiae,Dromaius novaehollandiae,A_Poultry,A_Meat,Muscle,Y,Emu
GGGGATCTAAAGTACCGCCAAGTCCTTTGGGTTTCAAGCTAATGCTCGTAATATCCAGGCGGATAGAAGGGTGTATAATTCTATCAATGTTTACGGCTAG,Eukaryota,Chordata,Actinopteri,Scombriformes,Scombridae,Scomber,Scomber scombrus,Scomber scombrus,Scomber scombrus,Scomber scombrus,A_Fish,A_Meat,Muscle,Y,Atlantic mackerel
GGGGATCTAAAGTACCGCCAAGTCCTTTGGGTTTCAAGCTAATGCTCGTAGTACCCAGGCGGATAGAGGGTGTAAAATTCTATCAATGTTTACGGCTAG,Eukaryota,Chordata,Actinopteri,Scombriformes,Scombridae,NA,NA,Scombridae,Scombridae,Scombridae,A_Fish,A_Meat,Muscle,Y,Tunas
GTGGATCTAAAGCACCGCCAAGTCCTTTGGGTTTCAAGCTGATGCTCGTAGTCCCCGGGCGGATAGTGGGTGTAGTTAGCTATCAATGTTTATGGCTAG,Eukaryota,Chordata,Actinopteri,Lutjaniformes,Lutjanidae,Lutjanus,Lutjanus peru,Lutjanus peru,Lutjanus peru,Lutjanus peru,A_Fish,A_Meat,Muscle,Y,Red snapper
GGGGGTCTAAGGCACCGCCAAGTCCTTTGGGTTTTAAGCTGACGCTCGTAGTACCCTGGCGAATGTCTGTTGTAATTTGACATTTGGGTTTATGACTGA,Eukaryota,Chordata,Actinopteri,Cypriniformes,Catostomidae,NA,NA,Catostomidae,Catostomidae,Catostomidae,A_Fish,A_Meat,Muscle,Y,Suckers
GTGGGTTTAGGGCACCGCCAAGTCCTTAGAGTTTTAAGCGTTTGTGCTCGTAGTTCTCAGGCGGATACGTGAGTATATTAGTATCAAGATTTAGGGCCAG,Eukaryota,Chordata,Aves,Galliformes,Phasianidae,Meleagris,Meleagris gallopavo,Meleagris gallopavo,Meleagris gallopavo,Meleagris gallopavo,A_Poultry,A_Meat,Muscle,Y,Turkey
GGGGGTCTAAAGCACCGCCAAGTCCTTTGGGTTTTAAGCTGGTGCTCGTAGTTCCCAGGCGGGTAGGATATGTGATATATTACCAAGGTTTAGGGCTAG,Eukaryota,Chordata,Actinopteri,Perciformes,Sebastidae,Sebastes,Sebastes alutus,Sebastes alutus,Sebastes alutus,Sebastes alutus,A_Fish,A_Meat,Muscle,Y,Pacific ocean perch
AAGGGTATAAAACACCGCCAAGTCCTTTGAGTTTCGGGCTGTTGCCGGTAGTACTCTGGCGAATAATTTTGTTCTTATAATTATTTGTGTTTAGGGCTAA,Eukaryota,Chordata,Mammalia,Artiodactyla,Bovidae,Ovis,NA,Ovis,Ovis,Ovis,A_Meat,A_Meat,Muscle,Y,Sheep
GTGGATCTAAAGCACCGCCAAGTCCTTTGGGTTTTAAGCTGATGCTCGTAGTACCCAGGCGGACAACAGGTGTATTTTGTTGTCAATGTTTAAGGCTAA,Eukaryota,Chordata,Actinopteri,Perciformes,Sciaenidae,Cynoscion,Cynoscion nebulosus,Cynoscion nebulosus,Cynoscion nebulosus,Cynoscion nebulosus,A_Fish,A_Meat,Muscle,Y,Spotted seatrout
AAGGGTATAAAGCACCGCCAAGTCCTTTGAGTTTTAAGCTATTGCCGGTAGTACTCTGGCGAATAGTTTTGTTTGCATAACTATTTGTGTTTAAGGCTAG,Eukaryota,Chordata,Mammalia,Artiodactyla,Cervidae,Cervus,Cervus elaphus,Cervus elaphus,Cervus elaphus,Cervus elaphus,A_Meat,A_Meat,Muscle,Y,Red deer
ATGGATATAAAGTACCGCCAAGTCCTTTGAGTTTTAAGCTGTAGCTAGTAGTTCTCTGGCAAATATTTTTGTAGATGTAATTATTAAGGTTTAGGGCTAA,Eukaryota,Chordata,Mammalia,Rodentia,Muridae,Rattus,NA,Rattus,Rattus,Rattus,A_Game,Z_NonFood,Unknown,N,Rat
GTGGATCTAAAGCACCGCCAAGTCCTTTGGGTTTTAAGCTAATGCTCGTAGTTTCCTGGCGGGCAACAGATGTAGGGTGTTGCCAATGTTTAGGGCTAG,Eukaryota,Chordata,Actinopteri,Centrarchiformes,Centrarchidae,Lepomis,Lepomis gibbosus,Lepomis gibbosus,Lepomis gibbosus,Lepomis gibbosus,A_Fish,A_Meat,Muscle,Y,Pumpkinseed/pond perch
